,ean,price_tff,title,strike_price_tff,lego_code,price_amazon,strike_price_amazon
0,5702016668186,3.99,LEGO® CREATOR 30574 KATZE,,30574,6.11,7.68
1,5702016667783,3.99,LEGO® NINJAGO 30536 KOMBI-FLITZER,,30536,7.19,7.42
2,5702016668247,3.99,LEGO® HIDDEN SIDE 30464 EL FUEGOS STUNT-KANONE,,30464,7.78,7.90
3,5702016110364,63.49,LEGO® HARRY POTTER™ 75953 DIE PEITSCHENDE WEIDE VON HOGWARTS™,,75953,51.99,69.99
4,5702016367614,47.49,LEGO® DUPLO® 10899 ELSAS EISPALAST,,10899,36.99,49.99
5,5702016111965,8.95,LEGO® DUPLO® 10870 TIERE AUF DEM BAUERNHOF,,10870,7.99,9.99
6,5702015599061,14.95,LEGO® DUPLO® 10809 POLIZEISTREIFE,19.99 ,10809,19.95,
7,5702015357142,6.49,LEGO® CLASSIC 10700 GRÜNE GRUNDPLATTE,7.99 ,10700,6.49,7.99
8,5702016617870,18.95,LEGO® CITY 60253 EISWAGEN,,60253,16.76,19.99
9,5702016369960,26.49,LEGO® CITY 60226 MARS-FORSCHUNGSSHUTTLE,29.99 ,60226,22.87,29.99
10,5702016616866,8.28,LEGO® NINJAGO® 71700 LLOYDS DSCHUNGELRÄUBER,9.99 ,71700,8.89,9.99
11,5702015867535,13.49,LEGO® CREATOR 31058 DINOSAURIER,,31058,9.99,14.99
12,5702016618075,4.95,LEGO® DUPLO® 10917 MEIN ERSTES FEUERWEHRAUTO,,10917,3.99,4.99
13,5702016617757,39.99,LEGO® CLASSIC 10914 LEGO® DUPLO® DELUXE STEINEBOX,47.49 ,10914,35.99,49.99
14,5702016367706,84.95,LEGO® DUPLO® 10907 TIERE DER WELT,99.99 ,10907,69.99,99.99
15,5702016111910,23.95,LEGO® CLASSIC 10715 KREATIV-BAUSET FAHRZEUGE,,10715,17.5,24.99
16,5702016370218,38.95,LEGO® FRIENDS 41378 RETTUNGS-U-BOOT FÜR DELFINE,,41378,29.99,39.99
17,5702016617788,42.49,LEGO® CITY 60244 POLIZEIHUBSCHRAUBER-TRANSPORT,,60244,31.99,44.99
18,5702016370515,16.95,LEGO® CITY 60231 FEUERWEHR-EINSATZLEITUNG,,60231,15.99,19.99
19,5702016616286,16.95,LEGO® CREATOR 31102 FEUERDRACHE,,31102,14.99,19.99
20,5702016617108,9.95,LEGO® STAR WARS™ 75264 KYLO RENS SHUTTLE™ MICROFIGHTER,,75264,7.99,9.99
21,5702016365511,43.49,LEGO® NINJAGO® 70674 FEUERSCHLANGE,,70674,32.99,44.99
22,5702016365504,29.49,LEGO® NINJAGO® 70673 SHURICOPTER,,70673,20.99,29.99
23,5702016616415,9.49,LEGO® TECHNIC 42102 MINI CLAAS XERION,,42102,7.99,9.99
24,5702016369588,39.99,LEGO® TECHNIC 42093 CHEVROLET CORVETTE ZR1,,42093,32.99,39.99
25,5702016616736,13.95,LEGO® DOTS™ 41905 SCHMUCKBAUM,,41905,13.89,14.99
26,5702016668643,13.95,LEGO® DOTS™ 41904 FOTO WÜRFEL,,41904,13.49,14.99
27,5702016616729,5.95,LEGO® DOTS™ 41903 WELTRAUM ARMBAND,,41903,5.99,
28,5702016616712,5.95,LEGO® DOTS™ 41902 EINHORN ARMBAND,,41902,5.99,
29,5702016616705,5.95,LEGO® DOTS™ 41901 TIERE ARMBAND,,41901,4.69,5.99
30,5702016667523,5.95,LEGO® DOTS™ 41900 REGENBOGEN ARMBAND,,41900,5.29,5.99
31,5702016367836,16.49,LEGO® CREATOR 31088 BEWOHNER DER TIEFSEE,,31088,12.89,14.99
32,5702016618259,17.49,LEGO® MINECRAFT™ 21158 DER PANDA-KINDERGARTEN,,21158,16.74,19.99
33,5702016370935,74.49,LEGO® MINECRAFT™ 21155 DIE CREEPER™ MINE,,21155,59.99,79.99
34,5702016616613,7.49,LEGO® CLASSIC 11010 WEISSE BAUPLATTE,,11010,7.99,
35,5702016667547,3.99,LEGO® DOTS™ 41908 ARMBAND ERGÄNZUNGSSET SMILEY,,41908,3.39,3.99
36,5702016668650,17.95,LEGO® DOTS™ 41906 ANANAS STIFTEHALTER,,41906,17.99,19.99
37,5702016617801,91.49,LEGO® CITY 60246 POLIZEISTATION,,60246,66.99,99.99
38,5702016617795,46.49,LEGO® CITY 60245 RAUBÜBERFALL MIT DEM MONSTER-TRUCK,,60245,35.99,49.99
39,5702016617771,29.95,LEGO® CITY 60243 VERFOLGUNGSJAGD MIT DEM POLIZEIHUBSCHRAUBER,,60243,20.99,29.99
40,5702016617566,16.95,LEGO® CITY 60242 FESTNAHME AUF DER AUTOBAHN,,60242,13.99,19.99
41,5702016617559,9.49,LEGO® CITY 60241 POLIZEIHUNDESTAFFEL,,60241,7.99,9.99
42,5702016117240,24.99,LEGO® DUPLO® 10872 EISENBAHNBRÜCKE UND SCHIENEN,,10872,19.99,24.99
43,5702016394429,6.99,LEGO® NINJAGO® 70680 NINJA TEMPELTRAINING,9.99 ,70680,8.99,9.99
44,5702016396201,7.96,LEGO® CITY 60239 STREIFENWAGEN,9.99 ,60239,8.99,9.99
45,5702016369526,14.95,LEGO® CITY 60220 MÜLLABFUHR,19.99 ,60220,14.99,19.99
46,5702016369496,36.9,LEGO® CITY 60217 LÖSCHFLUGZEUG DER FEUERWEHR,39.99 ,60217,39.47,39.99
47,5702016618631,15.99,LEGO® DISNEY PRINCESS™ 43177 BELLES MÄRCHENBUCH,19.99 ,43177,16.11,19.99
48,5702016618624,15.99,LEGO® DISNEY PRINCESS™ 43176 ARIELLES MÄRCHENBUCH,19.99 ,43176,14.99,19.99
49,5702016618600,15.99,LEGO® DISNEY PRINCESS™ 43174 MULANS MÄRCHENBUCH,19.99 ,43174,14.99,19.99
50,5702016616422,14.95,LEGO® TECHNIC 42103 DRAGSTER RENNAUTO,19.99 ,42103,14.99,19.99
51,5702016368321,59.99,LEGO® ARCHITECTURE 21045 TRAFALGAR SQUARE,79.99 ,21045,57.99,79.99
52,5702016616316,46.49,LEGO® CREATOR 31105 SPIELZEUGLADEN IM STADTHAUS,,31105,38.12,49.99
53,5702016618341,39.49,LEGO® SPEED CHAMPIONS 76898 FORMULA E PANASONIC JAGUAR RACING GEN2 CAR & JAGUAR I-PACE ETROPHY,,76898,30.59,39.99
54,5702016619300,39.49,LEGO® MARVEL™ SUPER HEROES 76150 SPIDERJET VS. VENOM MECH,,76150,33.72,39.99
55,5702016616811,48.49,LEGO® SONSTIGE 41255 PARTY IN POP CITY,,41255,43.17,49.99
56,5702016616804,39.49,LEGO® SONSTIGE 41254 VOLCANO ROCK CITY KONZERT,,41254,28.99,39.99
57,5702016616798,29.99,LEGO® SONSTIGE 41253 FLOSSABENTEUER IN EINSAMSHAUSEN,,41253,23.54,29.99
58,5702016616781,34.99,LEGO® SONSTIGE 41252 POPPYS HEISSLUFTBALLON,,41252,25.04,34.99
59,5702016616774,17.95,LEGO® SONSTIGE 41251 POPPYS WOHNBLÜTE,,41251,15.99,19.99
60,5702016616767,24.99,LEGO® SONSTIGE 41250 PARTY AM TECHNO RIFF,,41250,17.77,24.99
61,5702016617344,53.49,LEGO® ARCHITECTURE 21052 DUBAI,,21052,44.99,59.99
62,5702016619294,34.95,LEGO® MARVEL™ SUPER HEROES 76149 MYSTERIOS BEDROHUNG,,76149,24.99,34.99
63,5702016619317,29.95,LEGO® MARVEL™ SUPER HEROES 76148 SPIDER-MAN VS. DOC OCK,,76148,20.99,29.99
64,5702016619287,24.95,LEGO® MARVEL™ SUPER HEROES 76147 VULTURES LKW-ÜBERFALL,,76147,17.99,24.99
65,5702016618051,39.49,THE LEGO® MOVIE™ 76143 MARVEL AVENGERS MOVIE 4 – TRUCK-FESTNAHME,,76143,28.99,39.99
66,5702016618044,24.95,THE LEGO® MOVIE™ 76142 MARVEL AVENGERS MOVIE 4 - SPEEDER-BIKE ATTACKE,,76142,17.99,24.99
67,5702016617924,91.49,LEGO® CITY 60258 TUNING-WERKSTATT,,60258,72.99,99.99
68,5702016617917,46.49,LEGO® CITY 60257 TANKSTELLE,,60257,34.99,49.99
69,5702016617900,16.95,LEGO® CITY 60256 RENNWAGEN-DUELL,,60256,14.99,19.99
70,5702016617887,29.95,LEGO® CITY 60254 RENNBOOT-TRANSPORTER,,60254,20.99,29.99
71,5702016618242,13.49,LEGO® MINECRAFT™ 21157 BIGFIG SCHWEIN MIT ZOMBIEBABY,,21157,11.99,14.99
72,5702016374810,2.99,LEGO® CITY 30365 RAUMFAHRTSATELLIT,,30365,4.5,
73,5702016616309,46.49,LEGO® CREATOR 31104 BURGER-MONSTER-TRUCK,,31104,34.99,49.99
74,5702016616293,24.99,LEGO® CREATOR 31103 RAKETEN-TRUCK,,31103,17.99,24.99
75,5702016616279,13.49,LEGO® CREATOR 31101 MONSTER-TRUCK,,31101,10.99,14.99
76,5702016616057,8.95,LEGO® CREATOR 31099 PROPELLER-FLUGZEUG,,31099,7.99,9.99
77,5702016616576,4.99,LEGO® CLASSIC 11006 BLAUES KREATIV-SET,,11006,3.99,4.99
78,5702016616583,4.99,LEGO® CLASSIC 11007 GRÜNES KREATIV-SET,,11007,3.99,4.99
79,5702016616989,72.49,LEGO® NINJAGO® 71712 TEMPEL DES UNSINNS,,71712,59.83,79.99
80,5702016616972,47.49,LEGO® NINJAGO® 71711 JAYS CYBER-DRACHE,,71711,37.99,49.99
81,5702016616965,39.49,LEGO® NINJAGO® 71710 NINJA-TUNING-FAHRZEUG,,71710,28.99,39.99
82,5702016616880,39.49,LEGO® NINJAGO® 71702 GOLDENER MECH,,71702,28.99,39.99
83,5702016618907,9.49,LEGO® FRIENDS 41404 EMMAS MAGISCHER WÜRFEL – FOTOGRAFIN,,41404,9.99,
84,5702016618884,9.49,LEGO® FRIENDS 41402 OLIVIAS MAGISCHER WÜRFEL – FORSCHERIN,,41402,9.56,9.99
85,5702016618181,55.95,LEGO® DUPLO® 10929 UNSER WOHNHAUS,,10929,46.04,59.99
86,5702016618174,38.49,LEGO® DUPLO® 10928 TORTENBÄCKEREI,,10928,29.99,39.99
87,5702016618143,13.49,LEGO® DUPLO® 10925 SPIELZIMMER-SPIELBOX,,10925,11.99,14.99
88,5702016617764,29.49,LEGO® DUPLO® 10915 MEIN ERSTER ABC-LASTWAGEN,,10915,19.99,29.99
89,5702016617740,29.95,LEGO® CLASSIC 10913 LEGO® DUPLO® STEINEBOX,,10913,20.99,29.99
90,5702016604122,47.49,LEGO® HARRY POTTER™ 75958 KUTSCHE VON BEAUXBATONS: ANKUNFT IN HOGWARTS™,,75958,37.99,49.99
91,5702016368673,34.95,LEGO® HARRY POTTER™ 75946 DAS TRIMAGISCHE TURNIER: DER UNGARISCHE HORNSCHWANZ,,75946,26.99,34.99
92,5702016369953,15.99,LEGO® CITY 60225 ROVER-TESTFAHRT,16.95 ,60225,17.99,19.99
93,5702015867528,8.95,LEGO® CREATOR 31057 HELIKOPTER,,31057,14.82,
94,5702016368697,79.95,LEGO® HARRY POTTER™ 75948 HOGWARTS™ UHRENTURM,,75948,73.57,89.99
95,5702016369939,65.49,LEGO® CITY 60210 POLIZEI FLIEGERSTÜTZPUNKT,,60210,57.98,74.99
96,5702016616453,48.95,LEGO® TECHNIC 42106 STUNT-SHOW MIT TRUCK UND MOTORRAD,,42106,39.99,49.99
97,5702016618792,29.99,LEGO® FRIENDS 41392 CAMPING IN HEARTLAKE CITY,,41392,21.24,29.99
98,5702016618808,38.95,LEGO® FRIENDS 41393 DIE GROSSE BACKSHOW,,41393,31.98,39.99
99,5702016618839,9.49,LEGO® FRIENDS 41396 WELPENSPIELPLATZ,,41396,8.49,9.99
100,5702016618648,29.99,LEGO® DISNEY PRINCESS™ 43178 CINDERELLAS SCHLOSSFEST,,43178,20.99,29.99
101,5702016618365,9.95,LEGO® DISNEY PRINCESS™ 43170 VAIANAS BOOT,,43170,7.99,9.99
102,5702016618594,9.95,LEGO® DISNEY PRINCESS™ 43173 AURORAS KÖNIGLICHE KUTSCHE,,43173,7.99,9.99
103,5702016616095,17.95,LEGO® HIDDEN SIDE™ 70428 JACKS STRANDBUGGY,,70428,13.99,19.99
104,5702016616101,29.99,LEGO® HIDDEN SIDE™ 70429 EL FUEGOS STUNT-FLUGZEUG,,70429,20.99,29.99
105,5702016616118,29.99,LEGO® HIDDEN SIDE™ 70430 NEWBURY U-BAHN-STATION,,70430,19.0,29.99
106,5702016616132,47.49,LEGO® HIDDEN SIDE™ 70432 GEISTER-JAHRMARKT,,70432,35.99,49.99
107,5702016617818,9.49,LEGO® CITY 60247 WALDBRAND,,60247,7.99,9.99
108,5702016367218,108.49,LEGO® HIDDEN SIDE™ 70425 NEWBURY´S SPUKENDE SCHULE,,70425,89.97,119.99
109,5702016369946,8.65,LEGO® CITY 60224 SATELLITEN-WARTUNGSMISSION,9.49 ,60224,8.99,9.99
110,5702016122428,3.99,LEGO® CREATOR 30543 WEIHNACHTSZUG,,30543,4.9,
111,5702016109788,119.95,LEGO® CITY 60197 PERSONENZUG,129.99 ,60197,94.99,129.99
112,5702016369908,198.99,LEGO® TECHNIC 42099 ALLRAD XTREME-GELÄNDEWAGEN,,42099,35.99,
113,5702016369892,149.99,LEGO® TECHNIC 42098 AUTOTRANSPORTER,,42098,113.99,
114,5702016111651,28.49,LEGO® FRIENDS 41343 RUNDFLUG ÜBER HEARTLAKE CITY,,41343,31.3,31.96
115,5702016148091,4.49,LEGO® MINIFIGUREN 5005249 LEGO® OSTERHASENHÜTTE,,50052,8.51,
116,5702016371017,55.95,LEGO® DUPLO® 10906 BAUMHAUS IM DSCHUNGEL,,10906,44.99,59.99
117,5702016369854,181.49,LEGO® STAR WARS™ 75253 BOOST DROIDE,,75253,152.75,199.99
118,5702016370751,47.95,LEGO® STAR WARS™ 75250 PASAANA SPEEDER JAGD,,75250,37.95,49.99
119,5702016370744,65.95,LEGO® STAR WARS™ 75249 WIDERSTANDS Y-WING STARFIGHTER™,,75249,54.99,69.99
120,5702016604092,13.95,LEGO® DISNEY PRINCESS™ 41169 OLAF,,41169,10.99,14.99
121,5702016368635,29.99,LEGO® DISNEY PRINCESS™ 41166 ELSA UND DIE RENTIERKUTSCHE,,41166,21.24,29.99
122,5702016368628,17.95,LEGO® DISNEY PRINCESS™ 41165 ANNAS KANUFAHRT,,41165,14.31,19.99
123,5702016368611,47.95,LEGO® DISNEY PRINCESS™ 41164 VERZAUBERTES BAUMHAUS,,41164,38.48,49.99
124,5702016109306,4.35,LEGO® MINIFIGUREN 71020 THE LEGO® BATMAN MOVIE ™ SERIE 2,,71020,4.81,
125,5702016108651,3.49,LEGO® MINIFIGUREN 71021 SERIE 18: PARTY,,71021,3.76,4.75
126,5702016367966,16.95,THE LEGO® MOVIE™ 70824 DAS IST KÖNIGIN WASIMMA SI-WILLI,,70824,12.06,19.99
127,5702015866811,4.25,LEGO® MINIFIGUREN 71018 SERIE 17,,71018,4.95,
128,5702015868495,34.95,LEGO® STAR WARS™ 75176 RESISTANCE TRANSPORT POD™,38.20 ,75176,34.9,39.99
129,5702016110586,44.95,LEGO® STAR WARS™ 75210 MOLOCH'S LANDSPEEDER™,,75210,40.0,49.99
130,5702016111170,88.49,LEGO® STAR WARS™ 75219 IMPERIAL AT-HAULER™,,75219,99.99,99.99
131,5702016370980,45.49,LEGO® SPEED CHAMPIONS 75894 RALLYEAUTO 1967 MINI COOPER S UND BUGGY 2018 MINI JOHN COOPER WORKS,,75894,35.99,49.99
132,5702016368482,24.99,LEGO® OVERWATCH 75971 HANZO VS. GENJI,,75971,23.87,24.99
133,5702016368529,82.95,LEGO® OVERWATCH 75975 WATCHPOINT: GIBRALTAR,,75975,75.99,89.99
134,5702016367225,24.99,LEGO® JURASSIC WORLD™ 75934 DILOPHOSAURUS AUF DER FLUCHT,,75934,19.99,24.99
135,5702016367232,55.95,LEGO® JURASSIC WORLD™ 75935 BARYONYX' KRÄFTEMESSEN: DIE SCHATZSUCHE,,75935,43.99,59.99
136,5702016542691,55.95,LEGO® JURASSIC WORLD™ 75937 TRICERATOPS-RANDALE,,75937,44.99,59.99
137,5702015868754,4.25,LEGO® NEXO KNIGHTS™ 70373 COMBO NEXO KRÄFTE,,70373,4.6,
138,5702015592437,9.15,LEGO® NINJAGO® 70606 SPINJITZU-TRAINING,,70606,11.93,
139,5702016110517,8.95,LEGO® MARVEL™ SUPER HEROES 76090 MIGHTY MICROS: STAR-LORD VS. NEBULA,,76090,12.99,
140,5702016369052,24.95,LEGO® MARVEL™ SUPER HEROES 76123 CAPTAIN AMERICA: OUTRIDER-ATTACKE,,76123,17.99,24.99
141,5702016369069,33.49,LEGO® MARVEL™ SUPER HEROES 76124 WAR MACHINE BUSTER,,76124,27.99,34.99
142,5702016369298,3.99,LEGO® MINIFIGUREN 71024 DIE DISNEY SERIE 2,,71024,5.74,
143,5702016469004,9.95,LEGO® NINJAGO® 70681 SPINJITZU SLAM – LLOYD,,70681,8.49,9.99
144,5702016469028,9.95,LEGO® NINJAGO® 70683 SPINJITZU SLAM – ZANE,,70683,8.99,9.99
145,5702016469035,17.95,LEGO® NINJAGO® 70684 SPINJITZU SLAM – KAI VS. EIS-SAMURAI,,70684,16.99,19.99
146,5702016370249,8.49,LEGO® FRIENDS 41360 EMMAS MOBILE TIERARZTPRAXIS,,41360,8.99,9.99
147,5702016370256,16.95,LEGO® FRIENDS 41361 MIAS FOHLENSTALL,,41361,13.99,19.99
148,5702016369380,11.95,LEGO® FRIENDS 41363 MIAS OUTDOOR ABENTEUER,,41363,9.99,14.99
149,5702016369410,29.49,LEGO® FRIENDS 41366 OLIVIAS CUPCAKE-CAFÉ,,41366,20.99,29.99
150,5702016369434,45.49,LEGO® FRIENDS 41368 ANDREAS TALENTSHOW,,41368,28.49,49.99
151,5702016374384,3.95,LEGO® FRIENDS 30408 TULPEN,,30408,4.2,
152,5702016370195,116.95,LEGO® FRIENDS 41375 VERGNÜGUNGSPARK VON HEARTLAKE CITY,,41375,96.98,129.99
153,5702016370171,38.98,LEGO® FRIENDS 41373 LUSTIGES OKTOPUS-KARUSSELL,,41373,26.99,39.99
154,5702016367898,46.49,LEGO® FRIENDS 31095 JAHRMARKTKARUSSELL,,31095,37.99,49.99
155,5702016537802,29.99,LEGO® FRIENDS 41337 SCHAUKEL MIT LOOPING IM VERGNÜGUNGSPARK,,41337,21.99,29.99
156,5702016537819,55.95,LEGO® FRIENDS 41379 HEARTLAKE CITY RESTAURANT,,41379,42.99,59.99
157,5702016368468,17.49,LEGO® HARRY POTTER™ 75945 EXPECTO PATRONUM,,75945,16.99,19.99
158,5702016365405,17.95,LEGO® HIDDEN SIDE™ 70418 J.B.´S GEISTERLABOR,,70418,13.99,19.99
159,5702016365429,29.95,LEGO® HIDDEN SIDE™ 70420 GEHEIMNISVOLLER FRIEDHOF,,70420,23.99,29.99
160,5702016365436,39.49,LEGO® HIDDEN SIDE™ 70421 EL FUEGOS STUNT-TRUCK,,70421,24.0,39.99
161,5702016365443,47.49,LEGO® HIDDEN SIDE™ 70422 ANGRIFF AUF DIE GARNELENHÜTTE,,70422,29.0,49.99
162,5702016367195,72.49,LEGO® HIDDEN SIDE™ 70424 GEISTER-EXPRESSZUG,,70424,49.0,79.99
163,5702016604139,17.48,LEGO® HARRY POTTER™ 75965 DER AUFSTIEG VON VOLDEMORT™,,75965,14.99,19.99
164,5702016110487,8.95,LEGO® DC COMICS™ SUPER HEROES 76094 MIGHTY MICROS: SUPERGIRL™ VS. BRAINIAC™,,76094,10.99,
165,5702016111705,17.15,LEGO® DISNEY PRINCESS™ 41156 RAPUNZELS SCHLAFGEMACH,,41156,21.8,
166,5702016367812,12.49,LEGO® CREATOR 31086 FLUGZEUG DER ZUKUNFT,,31086,12.89,14.99
167,5702016367843,24.95,LEGO® CREATOR 31089 RENNWAGEN,,31089,13.99,19.99
168,5702016367881,28.49,LEGO® CREATOR 31094 RENNFLUGZEUG,,31094,20.99,29.99
169,5702016367515,47.49,LEGO® DUPLO® 10889 MICKYS FERIENHAUS,,10889,37.99,49.99
170,5702016369045,91.49,LEGO® DC COMICS™ SUPER HEROES 76122 CLAYFACE™ INVASION IN DIE BATHÖHLE,,76122,74.99,99.99
171,5702016369762,39.49,LEGO® DC COMICS™ SUPER HEROES 76138 JOKER™ AUF DER FLUCHT UND BATMAN™,,76138,29.99,39.99
172,5702015357159,11.99,LEGO® CLASSIC 10701 GRAUE GRUNDPLATTE,14.99 ,10701,8.99,14.99
173,5702015866309,8.95,LEGO® CITY 60163 KÜSTENWACHE-STARTER-SET,,60163,13.94,
174,5702016077490,17.95,LEGO® CITY 60180 MONSTER-TRUCK,,60180,19.99,
175,5702016108798,8.75,LEGO® CITY 60191 ARKTIS-EXPEDITIONSTEAM,,60191,16.9,
176,5702016109795,157.95,LEGO® CITY 60198 GÜTERZUG,,60198,142.99,189.99
177,5702016369816,8.49,LEGO® CITY 60206 POLIZEI FLUGZEUGPATROUILLE,,60206,7.99,9.99
178,5702016369779,28.49,LEGO® CITY 60208 POLIZEI FLUCHT MIT DEM FALLSCHIRM,,60208,20.99,29.99
179,5702016367768,8.95,LEGO® CLASSIC 11001 BAUSTEINE - ERSTER BAUSPASS,,11001,7.99,9.99
180,5702016369519,8.95,LEGO® CITY 60219 FRONTLADER,,60219,7.99,9.99
181,5702016369533,16.49,LEGO® CITY 60221 TAUCHYACHT,,60221,16.76,19.99
182,5702016369786,8.49,LEGO® CITY 60236 GERADE UND T-KREUZUNG,,60236,6.99,9.99
183,5702016369250,12.49,LEGO® CITY 60213 FEUERWEHR AM HAFEN,,60213,11.99,14.99
184,5702016367904,46.49,LEGO® CREATOR 31096 DOPPELROTOR-HUBSCHRAUBER,,31096,36.99,49.99
185,5702016370522,38.49,LEGO® CITY 60232 AUTOWERKSTATT,,60232,28.99,
186,5702016370539,72.49,LEGO® CITY 60233 GROSSE DONUT-SHOP-ERÖFFNUNG,,60233,59.83,79.99
187,5702016370553,38.49,LEGO® CITY 60234 STADTBEWOHNER – JAHRMARKT,,60234,29.21,
188,5702016111880,49.95,LEGO® ARCHITECTURE 21039 SHANGHAI,59.99 ,21039,43.81,59.99
189,5702016370959,11.99,LEGO® SPEED CHAMPIONS 75891 RENNWAGEN CHEVROLET CAMARO ZL1,14.99 ,75891,11.99,14.99
190,5702016618327,15.49,LEGO® SPEED CHAMPIONS 76896 NISSAN GT-R NISMO,19.99 ,76896,15.99,19.99
191,5702016616675,29.99,LEGO® HARRY POTTER™ 75967 DER VERBOTENE WALD: BEGEGNUNG MIT UMBRIDGE,,75967,25.49,29.99
192,5702016616668,17.49,LEGO® HARRY POTTER™ 75966 DER RAUM DER WÜNSCHE AUF SCHLOSS HOGWARTS™,,75966,17.99,19.99
193,5702016616699,91.49,LEGO® HARRY POTTER™ 75969 ASTRONOMIETURM AUF SCHLOSS HOGWARTS™,,75969,83.99,99.99
194,5702016616682,65.95,LEGO® HARRY POTTER™ 75968 LIGUSTERWEG 4,,75968,62.92,69.99
195,5702016685510,39.49,LEGO® HARRY POTTER™ 75979 HEDWIG™,,75979,32.99,39.99
196,5702016617962,91.49,LEGO® CITY 60262 PASSAGIERFLUGZEUG,,60262,89.99,99.99
197,5702016617955,46.49,LEGO® CITY 60261 FLUGHAFEN,,60261,48.84,49.99
198,5702016616859,9.95,LEGO® NINJAGO® 70687 LLOYDS SPINJITZU-KREISEL,,70687,7.99,9.99
199,5702016619331,55.95,THE LEGO® MOVIE™ 76152 MARVEL AVENGERS MOVIE 4 – AVENGERS – LOKIS RACHE,,76152,52.9,59.99
200,5702016619348,111.49,THE LEGO® MOVIE™ 76153 MARVEL AVENGERS MOVIE 4 – AVENGERS HELICARRIER,,76153,100.06,119.99
201,5702016619379,9.49,LEGO® DC COMICS™ SUPER HEROES 76158 VERFOLGUNG DES PINGUINS – MIT DEM BATBOAT,,76158,9.99,
202,5702016619386,47.49,LEGO® DC COMICS™ SUPER HEROES 76159 JOKERS™ TRIKE-VERFOLGUNGSJAGD,,76159,41.99,49.99
203,5702016619393,82.95,LEGO® DC COMICS™ SUPER HEROES 76160 MOBILE BATBASIS,,76160,80.99,
204,5702016619577,39.49,LEGO® DC COMICS™ SUPER HEROES 76157 WONDER WOMAN™ VS CHEETAH™,,76157,33.99,39.99
205,5702016668667,17.95,LEGO® DOTS™ 41907 STIFTEHALTER MIT SCHUBLADE,,41907,17.99,19.99
206,5702016668575,5.95,LEGO® DOTS™ 41911 RETRO ARMBAND,,41911,4.99,5.99
207,5702016668674,24.99,LEGO® DOTS™ 41913 FREUNDSCHAFTSARMBÄNDER KREATIVSET,,41913,18.28,24.99
208,5702016668681,17.95,LEGO® DOTS™ 41914 BILDERRAHMEN,,41914,17.99,19.99
209,5702016668698,17.95,LEGO® DOTS™ 41915 SCHMUCKBOX,,41915,16.99,
210,5702016668599,3.99,LEGO® DOTS™ 41916 ARMBAND ERGÄNZUNGSSET COMIC,,41916,3.99,
211,5702016668605,5.95,LEGO® DOTS™ 41917 WUNDERLAND ARMBAND,,41917,4.99,5.99
212,5702016668629,5.95,LEGO® DOTS™ 41919 SUPERHELDEN ARMBAND,,41919,4.99,5.99
213,5702016616835,9.95,LEGO® NINJAGO® 70685 COLES SPINJITZU-KREISEL,,70685,7.99,9.99
214,5702016617078,65.95,LEGO® NINJAGO® 71722 VERLIES DES TOTENKOPFMAGIERS,,71722,86.99,
215,5702016617061,72.49,LEGO® NINJAGO® 71721 DRACHE DES TOTENKOPFMAGIERS,,71721,66.99,
216,5702016617054,65.95,LEGO® NINJAGO® 71720 FEUER-STEIN-MECH,,71720,62.92,69.99
217,5702016617047,47.49,LEGO® NINJAGO® 71719 ZANES MINO-MONSTER,,71719,42.99,49.99
218,5702016617030,17.95,LEGO® NINJAGO® 71718 WUS GEFÄHRLICHER DRACHE,,71718,18.99,19.99
219,5702016616910,116.95,LEGO® NINJAGO® 71705 NINJA-FLUGSEGLER,,71705,102.98,129.99
220,5702016616903,39.49,LEGO® NINJAGO® 71704 KAIS SUPER-JET,,71704,33.99,39.99
221,5702016616897,29.99,LEGO® NINJAGO® 71703 KRÄFTEMESSEN MIT DEM DONNER-JET,,71703,23.76,29.99
222,5702016616460,57.49,LEGO® TECHNIC 42107 DUCATI PANIGALE V4 R,,42107,54.99,59.99
223,5702016619157,91.49,LEGO® FRIENDS 41430 WASSERPARK VON HEARTLAKE CITY,,41430,82.98,99.99
224,5702016619140,63.95,LEGO® FRIENDS 41429 HEARTLAKE CITY FLUGZEUG,,41429,64.89,69.99
225,5702016619133,47.49,LEGO® FRIENDS 41428 STRANDHAUS MIT TRETBOOT,,41428,42.98,49.99
226,5702016619126,29.99,LEGO® FRIENDS 41427 EMMAS MODE-GESCHÄFT,,41427,19.99,29.99
227,5702016619119,17.95,LEGO® FRIENDS 41426 HEARTLAKE CITY WAFFELHAUS,,41426,19.99,
228,5702016619102,9.49,LEGO® FRIENDS 41425 OLIVIAS BLUMENGARTEN,,41425,9.99,
229,5702016618853,38.95,LEGO® FRIENDS 41398 STEPHANIES FAMILIENHAUS,,41398,30.98,39.99
230,5702016618655,47.95,LEGO® DISNEY PRINCESS™ 43180 BELLES WINTERLICHES SCHLOSS,,43180,49.98,49.99
231,5702016117288,19.99,LEGO® DUPLO® 10882 EISENBAHN SCHIENEN,,10882,14.99,19.99
232,5702016368260,119.99,LEGO® CREATOR 10265 FORD MUSTANG,129.99 ,10265,132.99,
233,5702016111828,139.95,LEGO® CREATOR 10262 JAMES BOND™ ASTON MARTIN DB5,149.99 ,10262,136.9,149.99
234,5702015865296,104.95,LEGO® CREATOR 10258 LONDONER BUS,119.99 ,10258,110.64,
235,5702016618167,9.49,LEGO® DUPLO® 10927 PIZZA-STAND,,10927,7.99,9.99
236,5702016117271,84.95,LEGO® DUPLO® 10875 GÜTERZUG,119.99 ,10875,89.99,119.99
237,5702015643092,99.95,LEGO® CREATOR 10220 VOLKSWAGEN T1 CAMPINGBUS,99.99 ,10220,100.9,
238,5702015357197,43.95,LEGO® CLASSIC 10698 GROSSE BAUSTEINE-BOX,44.99 ,10698,37.95,44.99
239,5702016367850,16.49,LEGO® CREATOR 31090 UNTERWASSER-ROBOTER,,31090,16.91,19.99
240,5702015591171,74.95,LEGO® CREATOR 10252 VW KÄFER,81.25 ,10252,84.83,
241,5702016110371,86.23,LEGO® HARRY POTTER™ 75954 DIE GROSSE HALLE VON HOGWARTS™,99.99 ,75954,9.8,
242,5702016368338,84.49,LEGO® ARCHITECTURE 21046 EMPIRE STATE BUILDING,,21046,72.95,99.99
243,5702016368314,39.95,LEGO® ARCHITECTURE 21044 PARIS,49.99 ,21044,34.99,49.99
244,5702016368307,39.95,LEGO® ARCHITECTURE 21043 SAN FRANCISCO,49.99 ,21043,37.29,49.99
245,5702016370942,11.99,LEGO® SPEED CHAMPIONS 75890 FERRARI F40 COMPETIZIONE,14.99 ,75890,13.49,14.99
246,5702016618334,17.49,LEGO® SPEED CHAMPIONS 76897 1985 AUDI SPORT QUATTRO S1,,76897,15.99,19.99
247,5702016617177,29.99,LEGO® STAR WARS™ 75271 LUKE SKYWALKERS LANDSPEEDER™,,75271,21.24,29.99
248,5702016370706,111.49,LEGO® STAR WARS™ 75243 SLAVE I™ – 20 JAHRE LEGO STAR WARS,,75243,94.19,119.99
249,5702016116915,89.49,LEGO® TECHNIC 42077 RALLYEAUTO,,42077,98.0,99.99
250,5702016100600,14.99,LEGO® ELVES 41190 EMILY JONES UND DIE FLUCHT AUF DEM ADLER,,41190,17.98,
251,5702016370928,39.95,LEGO® MINECRAFT™ 21154 DIE BRÜCKE,,21154,29.99,
252,5702016616958,26.95,LEGO® NINJAGO® 71709 JAY UND LLOYDS POWER-FLITZER,29.99 ,71709,20.91,29.99
253,5702016367485,29.99,LEGO® NINJAGO® 70668 JAYS DONNER-JET,,70668,29.99,39.99
254,5702016618822,63.95,LEGO® FRIENDS 41395 FREUNDSCHAFTSBUS,,41395,55.99,69.99
255,5702016111859,79.95,LEGO® ARCHITECTURE 21042 FREIHEITSSTATUE,99.99 ,21042,76.89,99.99
256,5702016116960,195.45,LEGO® TECHNIC 42082 GELÄNDEGÄNGIGER KRANWAGEN,,42082,174.72,229.99
257,5702016370966,11.99,LEGO® SPEED CHAMPIONS 75892 MCLAREN SENNA,14.99 ,75892,13.49,14.99
258,5702016617009,8.28,LEGO® NINJAGO® 71715 AVATAR JAY - ARCADE KAPSEL,9.99 ,71715,8.69,9.99
259,5702016616996,8.28,LEGO® NINJAGO® 71714 AVATAR KAI - ARCADE KAPSEL,9.99 ,71714,9.76,9.99
260,5702016111774,28.89,LEGO® CREATOR 31078 BAUMHAUSSCHÄTZE,29.99 ,31078,38.03,
261,5702016617337,46.49,LEGO® ARCHITECTURE 21051 TOKIO,59.99 ,21051,45.07,59.99
262,5702016618617,15.99,LEGO® DISNEY PRINCESS™ 43175 ANNAS UND ELSAS MÄRCHENBUCH,19.99 ,43175,14.9,19.99
263,5702016368062,64.95,LEGO® TECHNIC 42095 FERNGESTEUERTER STUNT-RACER,79.99 ,42095,57.99,79.99
264,5702016367355,14.99,LEGO® NINJAGO® 70665 SAMURAI-ROBOTER,,70665,9.99,14.99
265,5702015865258,26.95,LEGO® CITY 60138 RASANTE VERFOLGUNGSJAGD,29.99 ,60138,41.89,
266,5702016618358,55.95,LEGO® SPEED CHAMPIONS 76899 LAMBORGHINI URUS ST-X & LAMBORGHINI HURACÁN SUPER TROFEO EVO,,76899,47.99,59.99
267,5702016618310,17.49,LEGO® SPEED CHAMPIONS 76895 FERRARI F8 TRIBUTO,,76895,16.99,19.99
268,5702016617894,9.49,LEGO® CITY 60255 STUNT-TEAM,,60255,7.99,9.99
269,5702016618297,9.49,LEGO® MINECRAFT™ 21162 DAS TAIGA-ABENTEUER,,21162,7.99,9.99
270,5702016618273,65.95,LEGO® MINECRAFT™ 21160 DER ILLAGER-ÜBERFALL,,21160,54.36,69.99
271,5702016619270,9.49,LEGO® MARVEL™ SUPER HEROES 76146 SPIDER-MAN MECH,,76146,8.99,9.99
272,5702016618037,9.49,THE LEGO® MOVIE™ 76141 MARVEL AVENGERS MOVIE 4 – THANOS MECH,,76141,8.49,9.99
273,5702016618020,9.49,THE LEGO® MOVIE™ 76140 MARVEL AVENGERS MOVIE 4 – IRON MAN MECH,,76140,7.99,9.99
274,5702016617863,16.95,LEGO® CITY 60252 BAGGER AUF DER BAUSTELLE,,60252,13.99,19.99
275,5702016617856,9.49,LEGO® CITY 60251 MONSTER-TRUCK,,60251,7.19,9.99
276,5702016617832,9.49,LEGO® CITY 60249 STRASSENKEHRMASCHINE,,60249,7.99,9.99
277,5702016618266,29.95,LEGO® MINECRAFT™ 21159 DER PLÜNDERER-AUSSENPOSTEN,,21159,21.02,29.99
278,5702016618235,13.49,LEGO® MINECRAFT™ 21156 BIGFIG CREEPER™ UND OZELOT,,21156,13.99,14.99
279,5702016367508,47.49,LEGO® NINJAGO® 70670 KLOSTER DES SPINJITZU,,70670,57.99,79.99
280,5702016077483,17.95,LEGO® CITY 60179 RETTUNGSHUBSCHRAUBER,,60179,39.9,
281,5702016117264,49.95,LEGO® DUPLO® 10874 DAMPFEISENBAHN,59.99 ,10874,43.57,59.99
282,5702016618877,9.49,LEGO® FRIENDS 41401 STEPHANIES MAGISCHER WÜRFEL - BÄCKERIN,,41401,9.99,
283,5702016616064,8.95,LEGO® CREATOR 31100 SPORTWAGEN,,31100,7.99,9.99
284,5702016617016,9.95,LEGO® NINJAGO® 71716 AVATAR LLOYD - ARCADE KAPSEL,,71716,7.49,9.99
285,5702016616941,34.95,LEGO® NINJAGO® 71708 MARKTPLATZ,,71708,25.99,34.99
286,5702016616934,17.95,LEGO® NINJAGO® 71707 KAIS MECH JET,,71707,16.39,19.99
287,5702016616927,9.95,LEGO® NINJAGO® 71706 COLES SPEEDER,,71706,8.99,9.99
288,5702016616590,17.49,LEGO® CLASSIC 11008 LEGO BAUSTEINE - BUNTE HÄUSER,,11008,13.99,19.99
289,5702016618150,13.49,LEGO® DUPLO® 10926 KINDERZIMMER-SPIELBOX,,10926,13.44,14.99
290,5702016618112,29.99,LEGO® DUPLO® 10921 IRON MANS LABOR-TREFFPUNKT,,10921,23.67,29.99
291,5702016618105,17.49,LEGO® DUPLO® 10920 ELSAS UND OLAFS EIS-CAFÉ,,10920,16.99,19.99
292,5702016618082,4.95,LEGO® DUPLO® 10918 MEIN ERSTES ABSCHLEPPAUTO,,10918,4.99,
293,5702016618068,55.95,LEGO® MARVEL™ SUPER HEROES 76144 AVENGERS HULK HELIKOPTER RETTUNG,,76144,46.04,59.99
294,5702015868563,58.95,LEGO® STAR WARS™ 75185 TRACKER I,69.99 ,75185,74.9,
295,5702016110654,76.49,LEGO® STAR WARS™ 75217 IMPERIAL CONVEYEX TRANSPORT™,79.95 ,75217,84.0,
296,5702016595468,13.49,LEGO® SPEED CHAMPIONS 75895 1974 PORSCHE 911 TURBO 3.0,,75895,12.79,14.99
297,5702016370683,56.49,LEGO® STAR WARS™ 75241 ACTION BATTLE ECHO BASE™ VERTEIDIGUNG,,75241,42.99,59.99
298,5702016365535,63.95,LEGO® NINJAGO® 70676 LLOYDS TITAN-MECH,,70676,55.99,57.81
299,5702016369489,87.95,LEGO® CITY 60216 FEUERWEHR IN DER STADT,,60216,75.68,99.99
300,5702016365559,91.49,LEGO® NINJAGO® 70678 FESTUNG IM EWIGEN EIS,,70678,74.99,99.99
301,5702016617474,92.49,LEGO® TECHNIC 42108 KRAN-LKW,,42108,73.99,99.99
302,5702016616408,9.49,LEGO® TECHNIC 42101 STRANDBUGGY,,42101,7.99,9.99
303,5702016617481,119.95,LEGO® TECHNIC 42109 TOP-GEAR RALLEYAUTO MIT APP-STEUERUNG,,42109,95.99,129.99
304,5702016616439,17.49,LEGO® TECHNIC 42104 RENN-TRUCK,,42104,17.89,19.99
305,5702016618785,17.95,LEGO® FRIENDS 41391 FRISEURSALON VON HEARTLAKE CITY,,41391,15.99,19.99
306,5702016618815,55.95,LEGO® FRIENDS 41394 KRANKENHAUS VON HEARTLAKE CITY,,41394,41.99,59.99
307,5702016618846,17.95,LEGO® FRIENDS 41397 MOBILE STRANDBAR,,41397,17.99,19.99
308,5702016616750,9.49,LEGO® FRIENDS 41389 STEPHANIES MOBILER EISWAGEN,,41389,8.99,9.99
309,5702016617184,65.95,LEGO® STAR WARS™ 75272 SITH TIE FIGHTER™,,75272,55.48,69.99
310,5702016617191,93.95,LEGO® STAR WARS™ 75273 POE DAMERONS X-WING STARFIGHTER™,,75273,79.95,99.99
311,5702016617115,17.95,LEGO® STAR WARS™ 75265 T-16 SKYHOPPER™ VS BANTHA™ MICROFIGHTERS,,75265,14.99,19.99
312,5702016617122,13.95,LEGO® STAR WARS™ 75266 SITH TROOPERS™ BATTLE PACK,,75266,12.39,14.99
313,5702016617139,13.95,LEGO® STAR WARS™ 75267 MANDALORIANER™ BATTLE PACK,,75267,13.49,14.99
314,5702016617146,17.95,LEGO® STAR WARS™ 75268 SNOWSPEEDER™,,75268,15.99,19.99
315,5702016617160,29.99,LEGO® STAR WARS™ 75270 OBI-WANS HÜTTE,,75270,22.99,29.99
316,5702016616088,17.95,LEGO® HIDDEN SIDE™ 70427 HIDDEN SIDE PORTAL,,70427,13.99,19.99
317,5702016616125,47.49,LEGO® HIDDEN SIDE™ 70431 DER LEUCHTTURM DER DUNKELHEIT,,70431,39.99,49.99
318,5702016617092,9.95,LEGO® STAR WARS™ 75263 WIDERSTANDS Y-WING™ MICROFIGHTER,,75263,7.99,9.99
319,5702016617825,16.95,LEGO® CITY 60248 EINSATZ MIT DEM FEUERWEHRHUBSCHRAUBER,,60248,14.99,19.99
320,5702015868723,89.99,LEGO® DC COMICS™ SUPER HEROES 76087 FLYING FOX: BATMOBIL-ATTACKE AUS DER LUFT,119.99 ,76087,119.8,119.99
321,5702016117257,16.95,LEGO® DUPLO® 10873 MINNIES GEBURTSTAGSPARTY,,10873,14.99,19.99
322,5702016110326,115.95,LEGO® MARVEL™ SUPER HEROES 76105 DER HULKBUSTER: ULTRON EDITION,,76105,169.9,
323,5702016370485,86.95,LEGO® CITY 60228 WELTRAUMRAKETE MIT KONTROLLZENTRUM,91.49 ,60228,75.68,99.99
324,5702016093247,13.05,LEGO® TECHNIC 42071 KOMPAKTOR,,42071,36.43,
325,5702015868716,41.95,LEGO® DC COMICS™ SUPER HEROES 76086 KNIGHTCRAWLERS TUNNEL-ATTACKE,46.60 ,76086,47.99,49.99
326,5702016117356,19.29,LEGO® JUNIORS 10756 FLUCHT VOR DEM PTERANODON,,10756,22.99,24.67
327,5702016109962,64.95,LEGO® STAR WARS™ 75202 DEFENSE OF CRAIT™,72.80 ,75202,84.5,
328,5702016110463,18.95,LEGO® DC COMICS™ SUPER HEROES 76096 SUPERMAN™ & KRYPTO™ TEAM-UP,25.35 ,76096,27.88,
329,5702016109955,39.95,LEGO® STAR WARS™ 75201 FIRST ORDER AT-ST™,55.25 ,75201,53.1,56.90
330,5702016370478,43.95,LEGO® CITY 60227 MOND RAUMSTATION,46.49 ,60227,37.99,49.99
331,5702016110685,61.67,LEGO® NINJAGO® 70653 MUTTER DER DRACHEN,69.99 ,70653,88.99,
332,5702016365498,17.95,LEGO® NINJAGO® 70672 COLES OFFROAD-BIKE,,70672,16.11,19.99
333,5702016369724,55.95,LEGO® MARVEL™ SUPER HEROES 76130 STARKS JET UND DER DROHNENANGRIFF,,76130,42.62,59.99
334,5702016367683,9.49,LEGO® DUPLO® 10904 SÜSSE TIERKINDER,,10904,8.99,9.99
335,5702016117578,49.99,LEGO® JUNIORS 10758 AUSBRUCH DES T. REX,,10758,72.5,
336,5702016367676,45.49,LEGO® DUPLO® 10903 FEUERWEHRWACHE,,10903,36.99,49.99
337,5702015869768,209.95,LEGO® TECHNIC 42070 ALLRAD-ABSCHLEPPWAGEN,221.75 ,42070,249.9,249.99
338,5702015864237,7.95,LEGO® JUNIORS 10730 LIGHTNING MCQUEENS BESCHLEUNIGUNGSRAMPE,,10730,17.4,
339,5702016109634,16.95,LEGO® MINECRAFT™ 21145 DIE TOTENKOPFARENA,,21145,6.95,
340,5702016100655,34.95,LEGO® ELVES 41195 FINALE AUSEINANDERSETZUNG ZWISCHEN EMILY UND NOCTURA,49.99 ,41195,74.9,
341,5702016373042,3.95,LEGO® NINJAGO® 30533 KAIS MECH,,30533,5.92,
342,5702016367911,72.49,LEGO® CREATOR 31097 STADTHAUS MIT ZOOHANDLUNG & CAFÉ,,31097,64.99,79.99
343,5702016604115,163.95,LEGO® TECHNIC 42110 LAND ROVER DEFENDER,,42110,151.99,179.99
344,5702016370782,111.49,LEGO® STAR WARS™ 75256 KYLO RENS SHUTTLE™,,75256,94.99,119.99
345,5702016370775,93.95,LEGO® STAR WARS™ 75255 YODA™,,75255,79.99,99.99
346,5702016370720,17.95,LEGO® STAR WARS™ 75246 TODESSTERN™ KANONE,,75246,14.99,19.99
347,5702016368659,39.49,LEGO® DISNEY PRINCESS™ 41168 ELSAS SCHMUCKKÄSTCHEN,,41168,29.99,39.99
348,5702016368642,74.49,LEGO® DISNEY PRINCESS™ 41167 SCHLOSS ARENDELLE,,41167,58.32,79.99
349,5702015870375,13.95,THE LEGO® MOVIE™ 70913 KRÄFTEMESSEN MIT SCARECROW™,,70913,39.75,
350,5702015870399,42.95,THE LEGO® MOVIE™ 70914 DER GIFTTRUCK VON BANE™,49.99 ,70914,59.99,
351,5702015870405,42.95,THE LEGO® MOVIE™ 70915 DOPPELTES UNHEIL DURCH TWO-FACE™,46.95 ,70915,90.97,
352,5702015870412,74.95,THE LEGO® MOVIE™ 70916 BATWING,89.99 ,70916,84.5,89.99
353,5702015870429,107.95,THE LEGO® MOVIE™ 70917 DAS ULTIMATIVE BATMOBIL,118.00 ,70917,199.9,
354,5702015864244,9.15,LEGO® BRICKHEADZ 41585 BATMAN™,,41585,42.99,
355,5702015868976,8.95,LEGO® BRICKHEADZ 41588 THE JOKER™,,41588,32.15,
356,5702015869041,8.95,LEGO® BRICKHEADZ 41594 CAPTAIN ARMANDO SALAZAR,,41594,17.49,
357,5702015866828,3.69,THE LEGO® NINJAGO® MOVIE™ 71019,4.35 ,71019,4.99,
358,5702016093032,46.95,THE LEGO® MOVIE™ 70921 HARLEY QUINN™ KANONENKUGELATTACKE,,70921,47.99,49.99
359,5702016369366,15.95,LEGO® TECHNIC 42091 POLIZEI-VERFOLGUNGSJAGD,,42091,14.99,19.99
360,5702016369571,29.49,LEGO® TECHNIC 42092 RETTUNGSHUBSCHRAUBER,,42092,21.99,29.99
361,5702016368055,54.95,LEGO® TECHNIC 42094 RAUPENLADER,,42094,73.9,
362,5702016369878,132.95,LEGO® TECHNIC 42096 PORSCHE 911 RSR,,42096,18.16,
363,5702016367959,12.49,THE LEGO® MOVIE™ 70823 EMMETS DREIRAD!,,70823,11.59,11.91
364,5702016368079,37.49,THE LEGO® MOVIE™ 70825 KÖNIGIN WASIMMA SI-WILLIS BAU-WAS-DU-WILLST-BOX!,,70825,22.38,39.99
365,5702016368093,29.49,THE LEGO® MOVIE™ 70827 ULTRAKATTY & KRIEGER-LUCY!,,70827,24.99,29.99
366,5702016368130,54.49,THE LEGO® MOVIE™ 70831 EMMETS TRAUMHAUS/RETTUNGSRAKETE!,,70831,59.6,59.99
367,5702016368222,137.49,THE LEGO® MOVIE™ 70839 DIE REXCELSIOR!,,70839,145.9,149.99
368,5702015866743,9.35,LEGO® STAR WARS™ 75163 KRENNIC'S IMPERIAL SHUTTLE™ MICROFIGHTER,,75163,9.99,
369,5702015867580,30.25,LEGO® STAR WARS™ 75169 DUEL ON NABOO™,,75169,52.95,
370,5702015868099,34.1,LEGO® SPEED CHAMPIONS 75881 2016 FORD GT & 1966 FORD GT40,,75881,75.9,
371,5702015868112,82.95,LEGO® SPEED CHAMPIONS 75883 MERCEDES AMG PETRONAS FORMULA ONE™ TEAM,89.60 ,75883,129.9,
372,5702015866781,13.2,LEGO® STAR WARS™ 75166 FIRST ORDER TRANSPORT SPEEDER BATTLE PACK,,75166,24.49,
373,5702015868518,55.25,LEGO® STAR WARS™ 75178 JAKKU QUADJUMPER™,,75178,56.0,59.99
374,5702015868532,74.95,LEGO® STAR WARS™ 75180 RATHTAR™ ESCAPE,81.25 ,75180,84.34,
375,5702015868556,29.65,LEGO® STAR WARS™ 75183 DARTH VADER™ TRANSFORMATION,,75183,72.95,
376,5702015869874,74.95,LEGO® STAR WARS™ 75186 THE ARROWHEAD,80.55 ,75186,144.95,
377,5702015868235,22.95,LEGO® STAR WARS™ 75531 STORMTROOPER™ COMMANDER,,75531,69.9,
378,5702015868242,47.99,LEGO® STAR WARS™ 75532 SCOUT TROOPER™ & SPEEDER BIKE™,51.05 ,75532,68.98,
379,5702015868044,13.45,LEGO® SPEED CHAMPIONS 75880 MCLAREN 720S,,75880,29.89,
380,5702015592352,51.95,LEGO® NINJAGO® 70614 JAY'S JET-BLITZ,55.25 ,70614,69.89,
381,5702015592628,84.95,LEGO® NINJAGO® 70617 ULTIMATIVES TEMPEL-VERSTECK,99.99 ,70617,117.95,
382,5702015611480,149.95,LEGO® NINJAGO® 70618 NINJA-FLUGSEGLER,152.55 ,70618,254.99,
383,5702015592604,59.95,LEGO® NINJAGO® 70615 KAI'S FEUER-MECH,64.40 ,70615,109.09,
384,5702015869744,76.95,LEGO® TECHNIC 42068 FLUGHAFEN-LÖSCHFAHRZEUG,89.99 ,42068,169.9,
385,5702015868181,16.95,LEGO® STAR WARS™ 75526 ELITE TIE FIGHTER PILOT™,21.60 ,75526,27.0,
386,5702015868228,31.49,LEGO® STAR WARS™ 75530 CHEWBACCA™,34.10 ,75530,24.99,34.99
387,5702015868501,49.95,LEGO® STAR WARS™ 75177 FIRST ORDER HEAVY SCOUT WALKER™,55.25 ,75177,49.98,59.99
388,5702015868525,67.95,LEGO® STAR WARS™ 75179 KYLO REN'S TIE FIGHTER™,72.80 ,75179,159.95,
389,5702015869881,84.95,LEGO® STAR WARS™ 75187 BB-8™,92.05 ,75187,134.9,
390,5702015869898,92.95,LEGO® STAR WARS™ 75188 RESISTANCE BOMBER,100.65 ,75188,113.28,
391,5702016093254,21.35,LEGO® TECHNIC 42072 ZACK!,,42072,36.5,
392,5702016093988,8.45,LEGO® TECHNIC 42084 ABSETZKIPPER,,42084,15.97,
393,5702016116908,59.95,LEGO® TECHNIC 42076 LUFTKISSENBOOT,64.40 ,42076,78.9,
394,5702016109948,29.7,LEGO® STAR WARS™ 75200 AHCH-TO ISLAND™ TRAINING,,75200,32.99,
395,5702016109979,38.2,LEGO® STAR WARS™ 75204 SANDSPEEDER™,,75204,40.0,
396,5702016176575,29.3,LEGO® SPECIAL EDITION SETS 10404 AM MEERESGRUND,,10404,32.29,
397,5702016109061,13.05,LEGO® SPEED CHAMPIONS 75885 FORD FIESTA M-SPORT WRC,,75885,25.99,
398,5702016110302,89.6,LEGO® SPEED CHAMPIONS 75889 FERRARI ULTIMATIVE GARAGE,,75889,109.9,
399,5702016112108,26.95,LEGO® STAR WARS™ 75535 HAN SOLO™,,75535,24.95,29.99
400,5702016112122,26.95,LEGO® STAR WARS™ 75537 DARTH MAUL™,,75537,44.89,
401,5702016109351,14.95,LEGO® STAR WARS™ 75207 IMPERIAL PATROL BATTLE PACK,,75207,21.99,
402,5702016110579,26.95,LEGO® STAR WARS™ 75209 HAN SOLO'S LANDSPEEDER™,,75209,27.9,29.99
403,5702016110609,152.95,LEGO® STAR WARS™ 75212 KESSEL RUN MILLENNIUM FALCON™,,75212,199.99,
404,5702016110203,36.45,LEGO® JURASSIC WORLD™ 75927 AUSBRUCH DES STYGIMOLOCH,,75927,63.99,
405,5702016110234,43.95,LEGO® JURASSIC WORLD™ 75928 BLUE'S HUBSCHRAUBER-VERFOLGUNGSJAGD,49.99 ,75928,64.99,
406,5702016110265,112.82,LEGO® JURASSIC WORLD™ 75930 INDORAPTOR-VERWÜSTUNG DES LOCKWOOD ANWESENS,,75930,154.98,
407,5702016110616,36.95,LEGO® STAR WARS™ 75203 HEILKAMMER AUF HOTH™,,75203,44.99,
408,5702016110630,28.95,LEGO® STAR WARS™ 75215 CLOUD-RIDER SWOOP BIKES™,,75215,29.99,
409,5702016111187,112.95,LEGO® STAR WARS™ 75220 SANDCRAWLER™,,75220,139.99,
410,5702016116946,45.49,LEGO® TECHNIC 42079 SCHWERLAST-GABELSTAPLER,,42079,65.9,
411,5702016116977,310.95,LEGO® TECHNIC 42083 BUGATTI CHIRON,,42083,284.97,369.99
412,5702016116984,115.95,LEGO® TECHNIC 42080 HARVESTER-FORSTMASCHINE,,42080,129.0,129.99
413,5702016370386,29.49,LEGO® STAR WARS™ 75229 FLUCHT VOM TODESSTERN™,,75229,26.77,29.99
414,5702016370416,29.49,LEGO® STAR WARS™ 75235 X-WING STARFIGHTER™ TRENCH RUN,,75235,22.41,29.99
415,5702016370157,29.49,LEGO® STAR WARS™ 75239 ACTION BATTLE HOTH™ GENERATOR-ATTACKE,,75239,20.99,29.99
416,5702016370690,47.49,LEGO® STAR WARS™ 75242 TIE INTERCEPTOR™ – ALLIANZ-PILOT,,75242,39.99,49.99
417,5702016370713,29.49,LEGO® STAR WARS™ 75258 ANAKIN'S PODRACER™ – 20 JAHRE LEGO STAR WARS,,75258,23.99,29.99
418,5702016368505,39.49,LEGO® OVERWATCH 75973 D.VA & REINHARDT,,75973,29.99,39.99
419,5702016542707,82.95,LEGO® JURASSIC WORLD™ 75938 T. REX VS. DINO-MECH,,75938,68.58,89.99
420,5702016112092,37.7,LEGO® STAR WARS™ 75534 DARTH VADER™,,75534,79.9,
421,5702015868655,34.8,LEGO® MARVEL™ SUPER HEROES 76080 AYESHAS RACHE,,76080,59.99,
422,5702015868662,47.35,LEGO® MARVEL™ SUPER HEROES 76081 DIE MILANO GEGEN DEN ABILISK,,76081,197.99,
423,5702015865449,21.35,LEGO® MINECRAFT™ 21129 DIE PILZINSEL,,21129,38.95,
424,5702015865456,37.95,LEGO® MINECRAFT™ 21130 DIE NETHER-EISENBAHN,39.99 ,21130,79.0,
425,5702015867160,49.95,LEGO® NEXO KNIGHTS™ 70355 AARONS KLETTERMAXE,54.55 ,70355,79.99,
426,5702015867788,104.95,LEGO® NEXO KNIGHTS™ 70357 SCHLOSS KNIGHTON,129.99 ,70357,119.79,129.99
427,5702015592444,16.95,LEGO® NINJAGO® 70607 VERFOLGUNGSJAGD IN NINJAGO® CITY,21.60 ,70607,21.19,
428,5702015868693,41.95,LEGO® MARVEL™ SUPER HEROES 76084 DAS ULTIMATIVE KRÄFTEMESSEN UM ASGARD,46.35 ,76084,55.0,
429,5702015865197,64.4,LEGO® MINECRAFT™ 21135 DIE CRAFTING-BOX 2.0,,21135,118.9,
430,5702015865210,94.95,LEGO® MINECRAFT™ 21136 DAS OZEANMONUMENT,119.99 ,21136,159.99,
431,5702016092882,44.95,LEGO® NINJAGO® 70631 GARMADONS VULKANVERSTECK,49.99 ,70631,109.99,
432,5702016108941,21.35,LEGO® MINECRAFT™ 21140 HÜHNERSTALL,,21140,19.72,19.99
433,5702016109597,21.35,LEGO® MINECRAFT™ 21141 ZOMBIEHÖHLE,,21141,16.99,19.99
434,5702016110791,12.95,LEGO® NINJAGO® 70645 DRACHENMEISTER COLE,,70645,16.89,17.20
435,5702016110821,12.95,LEGO® NINJAGO® 70648 DRACHENMEISTER ZANE,,70648,13.0,14.99
436,5702016109856,16.99,LEGO® NINJAGO® 70650 FLÜGEL-SPEEDER,,70650,29.91,
437,5702016110692,87.95,LEGO® NINJAGO® 70654 DRACHEN-FÄNGER,99.99 ,70654,129.95,
438,5702016110715,194.95,LEGO® NINJAGO® 70657 NINJAGO® CITY HAFEN,,70657,299.5,
439,5702016109658,77.95,LEGO® MINECRAFT™ 21147 ABENTEUER IN DEN FELSEN,,21147,109.9,
440,5702016367348,16.95,LEGO® NINJAGO® 70664 SPINJITZU LLOYD VS. GARMADON,,70664,19.99,
441,5702016370898,16.95,LEGO® MINECRAFT™ 21151 DAS LETZTE GEFECHT,,21151,15.07,19.99
442,5702016370904,45.49,LEGO® MINECRAFT™ 21152 DAS PIRATENSCHIFF-ABENTEUER,,21152,37.99,49.99
443,5702016369670,55.49,LEGO® MARVEL™ SUPER HEROES 76125 IRON MANS WERKSTATT,,76125,44.99,59.99
444,5702016369687,73.95,LEGO® MARVEL™ SUPER HEROES 76126 ULTIMATIVER AVENGERS-QUINJET,,76126,58.99,79.99
445,5702016365481,13.95,LEGO® NINJAGO® 70671 ANGRIFF DES EIS-SAMURAI,,70671,11.99,14.99
446,5702016369700,29.49,LEGO® MARVEL™ SUPER HEROES 76128 DUELL MIT MOLTEN MAN,,76128,21.02,29.99
447,5702016469011,9.95,LEGO® NINJAGO® 70682 SPINJITZU SLAM – JAY,,70682,7.38,9.99
448,5702016370911,17.99,LEGO® MINECRAFT™ 21153 DIE SCHAFFARM,,21153,13.99,
449,5702016367362,13.95,LEGO® NINJAGO® 70666 GOLDENER DRACHE,,70666,13.99,19.99
450,5702015592000,55.25,LEGO® NINJAGO® 70613 GARMADON'S ROBO-HAI,,70613,129.9,
451,5702016368666,23.99,LEGO® MARVEL™ SUPER HEROES 76113 SPIDER-MAN MOTORRADRETTUNG,,76113,38.9,
452,5702016368888,45.49,LEGO® MARVEL™ SUPER HEROES 76115 SPIDER MECH VS. VENOM,,76115,39.99,49.99
453,5702015865951,49.95,LEGO® ELVES 41185 MAGISCHE RETTUNG AUS KOBOLD-DORF,55.70 ,41185,84.9,
454,5702015866477,72.95,LEGO® FRIENDS 41318 HEARTLAKE KRANKENHAUS,79.05 ,41318,199.99,
455,5702015866538,13.3,LEGO® FRIENDS 41321 GELÄNDEWAGEN IM WINTERSPORTORT,,41321,32.99,
456,5702015866545,29.65,LEGO® FRIENDS 41322 EISLAUFPLATZ IM WINTERSPORTORT,,41322,34.19,
457,5702015866552,34.95,LEGO® FRIENDS 41323 CHALET IM WINTERSPORTORT,37.70 ,41323,48.89,
458,5702015868815,25.35,LEGO® JUNIORS 10743 SMOKEYS GARAGE,,10743,52.49,
459,5702015868822,38.2,LEGO® JUNIORS 10744 CRAZY 8 RENNEN IN THUNDER HOLLOW,,10744,79.89,
460,5702015866576,17.45,LEGO® FRIENDS 41326 ADVENTSKALENDER,21.95 ,41326,30.39,
461,5702016077421,13.05,LEGO® FRIENDS 41330 FUSSBALLTRAINING MIT STEPHANIE,,41330,19.99,
462,5702016111286,8.95,LEGO® FRIENDS 41328 STEPHANIES ZIMMER,,41328,23.49,
463,5702016111293,13.95,LEGO® FRIENDS 41329 OLIVIAS GROSSES ZIMMER,,41329,14.89,14.99
464,5702016111606,37.7,LEGO® FRIENDS 41338 STEPHANIES SPORTSTADION,,41338,38.99,39.99
465,5702016111620,61.95,LEGO® FRIENDS 41340 FREUNDSCHAFTSHAUS,,41340,99.9,
466,5702016237573,12.75,LEGO® JUNIORS 10765 ARIELLES UNTERWASSER-KONZERT,,10765,19.99,
467,5702016111989,44.45,LEGO® FRIENDS 41346 FREUNDSCHAFTS-BOX,49.99 ,41346,24.99,25.35
468,5702016112016,28.54,LEGO® FRIENDS 41349 BURGERLADEN,28.95 ,41349,31.99,
469,5702016112023,28.54,LEGO® FRIENDS 41350 AUTOWASCHANLAGE,29.99 ,41350,39.9,
470,5702016112030,36.2,LEGO® FRIENDS 41351 TUNING WERKSTATT,39.99 ,41351,21.99,24.47
471,5702016110333,15.95,LEGO® HARRY POTTER™ 75950 ARAGOGS VERSTECK,,75950,20.95,
472,5702016110340,27.95,LEGO® HARRY POTTER™ 75951 GRINDELWALDS FLUCHT,,75951,29.03,29.99
473,5702016160277,37.49,LEGO® HARRY POTTER™ 75956 QUIDDITCH™ TURNIER,,75956,29.99,39.99
474,5702016369427,36.95,LEGO® FRIENDS 41367 STEPHANIES REITTURNIER,,41367,29.99,39.99
475,5702016369441,61.49,LEGO® FRIENDS 41369 MIAS HAUS MIT PFERD,,41369,52.99,69.99
476,5702016369151,29.99,LEGO® FRIENDS 41371 MIAS PFERDETRANSPORTER,,41371,20.99,29.99
477,5702016370225,55.95,LEGO® FRIENDS 41380 LEUCHTTURM MIT FLUTLICHT,,41380,43.99,59.99
478,5702016370232,80.49,LEGO® FRIENDS 41381 BOOT FÜR RETTUNGSAKTIONEN,,41381,61.99,89.99
479,5702016370201,17.95,LEGO® FRIENDS 41376 SCHILDKRÖTEN-RETTUNGSSTATION,,41376,16.99,19.99
480,5702016365412,29.95,LEGO® HIDDEN SIDE™ 70419 GEKENTERTER GARNELENKUTTER,,70419,21.54,29.99
481,5702016365467,55.95,LEGO® HIDDEN SIDE™ 70423 SPEZIALBUS GEISTERSCHRECK 3000,,70423,39.0,59.99
482,5702015866514,34.95,LEGO® FRIENDS 41320 HEARTLAKE JOGHURTEISDIELE,37.70 ,41320,37.99,38.93
483,5702015355438,24.99,LEGO® DUPLO® 10597 MICKEY & MINNIE GEBURTSTAGSPARADE,,10597,19.99,24.99
484,5702015866989,6.9,LEGO® DISNEY PRINCESS™ 41143 BERRYS KÜCHE,,41143,7.95,
485,5702015814287,30.25,LEGO® DC SUPER HERO GIRLS™ 41231 HARLEY QUINN™ EILT ZU HILFE,,41231,23.89,
486,5702015867320,29.65,LEGO® DISNEY PRINCESS™ 41145 ARIELLE UND DER ZAUBERSPRUCH,,41145,59.0,
487,5702015867337,34.95,LEGO® DISNEY PRINCESS™ 41146 CINDERELLAS ZAUBERHAFTER ABEND,39.99 ,41146,59.99,
488,5702015867900,34.95,LEGO® CREATOR 31066 FORSCHUNGS-SPACESHUTTLE,,31066,57.95,
489,5702015867917,22.95,LEGO® CREATOR 31067 FERIEN AM POOL,,31067,54.9,
490,5702015867931,49.99,LEGO® CREATOR 31069 FAMILIENVILLA,54.55 ,31069,119.9,
491,5702015867948,41.95,LEGO® CREATOR 31070 TURBORENNWAGEN,45.15 ,31070,48.9,49.99
492,5702016111453,13.2,LEGO® DISNEY PRINCESS™ 41151 MULANS TRAINING,,41151,18.59,
493,5702016111460,39.99,LEGO® DISNEY PRINCESS™ 41152 DORNRÖSCHENS MÄRCHENSCHLOSS,,41152,55.9,
494,5702016110845,4.95,LEGO® DUPLO® 10859 MEIN ERSTER MARIENKÄFER - ERSTE BAUERFOLGE,,10859,7.85,
495,5702016111385,29.3,LEGO® DUPLO® 10863 MEINE ERSTE STEINEBOX MIT ZIEHTIEREN,,10863,23.99,29.99
496,5702016117219,22.95,LEGO® DUPLO® 10871 FLUGHAFEN,,10871,17.99,24.99
497,5702016111798,20.9,LEGO® CREATOR 31074 RAKETEN-RALLYEFLITZER,,31074,19.99,
498,5702016111255,28.95,LEGO® CREATOR 31080 MODULARES WINTERSPORTPARADIES,,31080,32.32,
499,5702016111101,43.29,LEGO® CREATOR 31085 STUNT-TRUCK-TRANSPORTER,49.99 ,31085,55.0,
500,5702016367553,8.95,LEGO® DUPLO® 10883 MEIN ERSTER ABSCHLEPPWAGEN,,10883,7.99,9.99
501,5702016367560,12.95,LEGO® DUPLO® 10884 MEINE ERSTE WIPPE MIT TIEREN,,10884,10.99,14.99
502,5702016367577,16.95,LEGO® DUPLO® 10885 MEIN ERSTES TIERPUZZLE,,10885,14.99,19.99
503,5702016367584,16.95,LEGO® DUPLO® 10886 MEINE ERSTEN FAHRZEUGE,,10886,14.99,19.99
504,5702016367522,9.95,LEGO® DUPLO® 10897 MEINE ERSTE MINNIE MAUS,,10897,8.99,9.99
505,5702016367539,8.95,LEGO® DUPLO® 10898 MEINE ERSTE MICKY MAUS,,10898,6.99,9.99
506,5702016367645,8.95,LEGO® DUPLO® 10900 POLIZEIMOTORRAD,,10900,7.99,9.99
507,5702016367652,16.95,LEGO® DUPLO® 10901 FEUERWEHRAUTO,,10901,14.99,19.99
508,5702016367669,28.95,LEGO® DUPLO® 10902 POLIZEISTATION,,10902,23.99,29.99
509,5702016367829,10.95,LEGO® CREATOR 31087 STRANDBUGGY,,31087,10.99,12.99
510,5702016367867,24.49,LEGO® CREATOR 31091 TRANSPORTER FÜR SPACE SHUTTLE,,31091,17.99,24.99
511,5702016395389,8.49,LEGO® CREATOR 31092 HUBSCHRAUBER-ABENTEUER,,31092,8.29,9.99
512,5702016368895,24.95,LEGO® DC COMICS™ SUPER HEROES 76116 BATMAN™ IM BAT-U-BOOT,,76116,20.0,24.99
513,5702016369755,9.49,LEGO® DC COMICS™ SUPER HEROES 76137 BATMAN™ VS. DER RAUB DES RIDDLER™,,76137,8.99,9.99
514,5702016680522,19.95,LEGO® DUPLO® 10910 U-BOOT-ABENTEUER,,10910,17.69,19.99
515,5702015355704,14.99,LEGO® CLASSIC 10692 BAUSTEINE - SET,,10692,11.99,14.99
516,5702015866026,5.49,LEGO® CITY 60156 DSCHUNGEL-BUGGY,5.99 ,60156,12.17,
517,5702015866057,16.45,LEGO® CITY 60158 DSCHUNGEL-FRACHTHUBSCHRAUBER,19.99 ,60158,24.9,
518,5702015866279,43.95,LEGO® CITY 60160 MOBILES DSCHUNGEL-LABOR,49.99 ,60160,80.99,
519,5702015866446,56.95,LEGO® CITY 60169 FRACHTTERMINAL,69.99 ,60169,108.95,
520,5702016111330,17.95,LEGO® CLASSIC 10713 BAUSTEINE STARTERKOFFER - FARBEN SORTIEREN,,10713,13.99,19.99
521,5702016111927,6.95,LEGO® CLASSIC 10714 BLAUE BAUPLATTE,,10714,6.89,7.99
522,5702016072631,8.95,LEGO® BRICKHEADZ 41598 THE FLASH™,,41598,19.19,
523,5702016072648,8.95,LEGO® BRICKHEADZ 41599 WONDER WOMAN™,,41599,19.9,
524,5702016077513,26.95,LEGO® CITY 60182 PICKUP & WOHNWAGEN,,60182,45.8,
525,5702016109474,43.29,LEGO® CITY 60194 ARKTIS-ERKUNDUNGSTRUCK,49.99 ,60194,69.99,
526,5702016109481,87.95,LEGO® CITY 60195 MOBILE ARKTIS-FORSCHUNGSSTATION,,60195,103.5,
527,5702016364675,15.97,LEGO® CITY 60238 WEICHEN,17.49 ,60238,15.99,19.99
528,5702016199055,13.95,LEGO® CITY 60205 SCHIENEN,14.95 ,60205,14.69,17.99
529,5702016369564,16.49,LEGO® CITY 60207 POLIZEI DROHNENJAGD,,60207,15.99,19.99
530,5702016367775,16.95,LEGO® CLASSIC 11002 BAUSTEINE - STARTER SET,,11002,14.99,19.99
531,5702016367782,28.95,LEGO® CLASSIC 11003 BAUSTEINE - WITZIGE FIGUREN,,11003,19.99,29.99
532,5702016369540,16.49,LEGO® CITY 60222 PISTENRAUPE,,60222,13.99,19.99
533,5702016369793,8.49,LEGO® CITY 60237 KURVE UND KREUZUNG,,60237,7.99,9.99
534,5702016369243,8.95,LEGO® CITY 60212 FEUERWEHR BEIM GRILLFEST,,60212,6.99,9.99
535,5702016369267,28.49,LEGO® CITY 60214 FEUERWEHREINSATZ IM BURGER-RESTAURANT,,60214,20.99,29.99
536,5702016369373,52.49,LEGO® CITY 60215 FEUERWEHR-STATION,,60215,42.99,59.99
537,5702016111064,8.95,LEGO® BRICKHEADZ 41605 THANOS,,41605,21.99,
538,5702015591195,82.95,LEGO® ARCHITECTURE 21030 DAS KAPITOL,99.99 ,21030,114.95,
539,5702015865340,54.95,LEGO® ARCHITECTURE 21035 SOLOMON R. GUGGENHEIM MUSEUM®,69.99 ,21035,124.95,
540,5702015865357,29.99,LEGO® ARCHITECTURE 21036 DER TRIUMPHBOGEN,34.99 ,21036,69.99,
541,5702016111873,42.35,LEGO® ARCHITECTURE 21041 DIE CHINESISCHE MAUER,,21041,59.99,
